Location,NTDs,Poisoning,Tobacco,Tuberculosis,Under5Mortality,DrinkingWater,AdBirthRate,Alcohol,BasicSanitization,CancerEtc,MedDocs,HALE,HIV,InfantMortality,LifeExpectancy,Malaria,MidwifeNursing,MaternalMortality,NeonatalMortality
Afghanistan,13765392,1.22,,189 [122-270],70.44 [60.72-80.86],52.39,,0.21,40.71,29.8,2.85,52.6,0.03 [0.01-0.11],53.17 [46.81-59.79],61.65,14.91,1.3,701 [501-1020],40.27 [34.34-46.94]
Albania,16,0.43,29.9,17 [14-19],9.57 [9.23-9.94],89.88,20.2,6.74,97.69,17.4,,69.03,0.04 [0.01-0.08],8.51 [8.21-8.84],77.84,,,15 [8-25],6.03 [5.49-6.54]
Algeria,7561,0.8,19.3,75 [57-94],25.18 [24.61-25.75],88.69,9.7,0.93,87.5,14.4,,65.99,0.05 [0.02-0.07],21.61 [21.13-22.1],76.54,0.0,,114 [67-199],15.05 [14.4-15.68]
Andorra,0,,34.2,5.9 [5-6.8],3.53 [1.23-10.59],100.0,3.1,11.01,100.0,,33.33,,,3.34 [1.17-10.03],,,40.13,,1.71 [0.56-5.27]
Angola,18534219,2.95,,366 [237-523],88.2 [46.58-149.6],26.71,,7.96,47.37,16.9,,53.66,0.95 [0.73-1.19],57.82 [34.14-91.99],61.72,200.0,,251 [178-353],30.63 [15.65-53.27]
Antigua and Barbuda,158,0.38,,4.3 [3.7-5],7.75 [6.27-9.56],96.74,37.7,5.89,87.5,22.6,,66.81,,6.77 [5.48-8.35],76.14,,45.09,43 [25-70],4.28 [3.31-5.47]
Argentina,5406,0.65,24.6,26 [22-30],11.47 [11.25-11.7],92.98,65.1,9.55,94.23,16.1,,66.86,0.14 [0.11-0.2],10.22 [10.02-10.43],76.17,0.0,,41 [39-44],6.64 [6.44-6.84]
Armenia,39044,0.67,27.9,50 [38-63],14.38 [11.5-17.45],99.6,24.3,5.84,93.06,23.0,29.14,66.0,0.06 [0.05-0.09],12.85 [10.24-15.6],74.51,0.0,49.54,28 [23-34],7.82 [5.73-10.38]
Australia,17476,0.2,17.7,6 [5.2-7],3.86 [3.77-3.95],100.0,11.9,10.83,99.99,9.3,34.89,70.56,0.04 [0.03-0.06],3.26 [3.18-3.33],82.28,,122.0,6 [5-8],2.35 [2.27-2.43]
Austria,65,0.24,31.5,7.5 [6.4-8.6],3.71 [3.55-3.87],100.0,7.6,12.07,99.98,11.5,51.04,70.39,No data,3.05 [2.92-3.18],80.98,,70.14,5 [4-7],2.25 [2.12-2.38]
Azerbaijan,1699962,0.58,20.7,71 [54-90],26.33 [19.78-35.01],79.28,52.4,4.58,92.46,22.5,,63.09,0.07 [0.04-0.1],23.36 [17.67-30.62],70.67,0.0,,27 [23-33],14.24 [10.22-19.48]
Bahamas,4127,0.14,11.0,19 [16-22],13.96 [12.36-15.75],98.89,,4.55,94.93,15.6,,64.17,No data,12 [10.62-13.53],72.92,,,74 [52-109],7.42 [6.34-8.65]
Bahrain,6,0.21,25.4,15 [13-17],7.57 [6.82-8.4],100.0,14.6,1.3,100.0,11.7,9.26,66.24,No data,6.48 [5.83-7.19],76.46,,24.94,15 [11-21],3.21 [2.76-3.71]
Bangladesh,49839493,0.31,40.7,221 [161-291],37.54 [35.72-39.51],96.43,75.0,0.021,45.74,21.7,4.86,63.76,No data,30.65 [29.32-32.08],73.58,2.72,2.75,200 [155-263],22.51 [21.03-24.06]
Barbados,390,0.21,8.9,0 [0-0],14.03 [11.54-17.09],98.47,,9.33,96.36,16.3,,67.21,0.22,13.01 [10.7-15.84],76.22,,,31 [20-44],9.34 [7.51-11.49]
Belarus,0,2.67,28.0,50 [38-63],4.03 [3.9-4.18],95.94,18.1,12.0,97.76,24.5,51.91,65.06,0.24 [0.18-0.34],3.04 [2.94-3.15],73.82,,110.0,3 [2-4],1.64 [1.39-1.91]
Belgium,9,0.24,25.7,9.5 [8.1-11],3.94 [3.78-4.1],100.0,6.6,11.82,99.49,11.6,30.14,69.99,No data,3.17 [3.05-3.3],80.71,,118.1,5 [4-7],2.22 [2.1-2.35]
Belize,7300,0.51,,25 [21-29],15.33 [14.35-16.32],95.65,66.3,6.74,87.21,22.4,,65.06,No data,13.19 [12.35-14.03],74.05,0.036000000000000004,1744.0,43 [31-55],10.01 [9.14-10.9]
Benin,7029345,3.58,8.3,60 [39-86],99.59 [89.78-110.3],57.87,,2.97,16.01,19.7,,54.29,0.39 [0.19-0.79],64.26 [58.71-70.29],61.96,411.8,,421 [316-584],32.35 [28.33-36.81]
Bhutan,227111,0.61,,165 [127-209],33.08 [24-44.24],96.13,,0.42,67.29,23.7,3.45,62.6,No data,27.35 [20.34-35.45],72.15,0.063,14.7,203 [145-310],18.66 [12.65-26.57]
Bolivia (Plurinational State of),1883582,2.11,,117 [76-167],30.98 [25.71-36.94],75.41,71.0,4.64,56.91,17.4,,62.73,0.1 [0.08-0.13],25.09 [20.99-29.58],71.52,1.89,11.91,168 [125-223],17.06 [13.7-20.9]
Bosnia and Herzegovina,0,0.53,39.6,40 [30-50],6.26 [5.88-6.67],94.85,10.5,6.92,95.31,18.2,21.62,66.97,No data,5.42 [5.09-5.77],76.32,,61.8,10 [5-16],4.56 [4.23-4.9]
Botswana,257169,1.18,24.6,356 [230-508],41.17 [18.62-70.06],71.89,52.3,6.86,74.76,20.7,,52.78,6.27 [5.61-6.95],32.11 [15.2-51.32],60.93,0.37,,156 [136-179],17.02 [6.73-31.8]
Brazil,11067291,0.2,18.5,43 [36-49],15.72 [14.96-16.5],87.0,61.7,7.86,86.55,17.0,,64.7,0.25 [0.12-0.37],14.05 [13.37-14.75],75.13,3.88,91.08,63 [62-64],9.39 [8.77-10.04]
Brunei Darussalam,9239,0.34,15.7,59 [50-68],10.6 [9.9-11.36],99.9,11.6,0.46,96.35,17.0,17.81,65.71,No data,8.78 [8.2-9.41],74.4,,66.43,30 [21-43],5.18 [4.67-5.74]
Bulgaria,318,0.62,40.5,28 [22-36],8.13 [7.83-8.44],98.24,39.4,12.34,85.98,23.8,40.33,65.91,0.04 [0.03-0.04],6.81 [6.55-7.07],74.55,,48.16,10 [7-14],4.04 [3.83-4.26]
Burkina Faso,11658638,3.03,17.4,52 [34-74],100.7 [82.53-122.8],37.09,,11.83,18.83,21.9,0.66,53.35,0.19 [0.13-0.28],59.55 [51.74-68.65],60.92,400.1,6.7,343 [241-471],27.99 [20.17-37.32]
Burundi,5601304,5.3,13.6,122 [79-174],67.23 [51.28-87.97],55.56,58.2,7.03,45.88,22.8,0.5,53.96,0.29 [0.2-0.4],45.94 [36.86-57.69],62.05,165.5,6.66,568 [439-733],23.3 [17.29-31.21]
Cabo Verde,136792,0.51,,64 [49-81],19.54 [18.07-21.12],72.87,,5.95,70.47,17.4,7.81,65.25,0.21 [0.15-0.3],16.71 [15.5-18.01],74.88,0.051,9.49,61 [48-76],11.75 [10.49-13.13]
Cambodia,5610240,0.65,24.8,366 [237-523],31.62 [20.56-48.47],69.86,,6.37,53.39,21.3,,60.75,0.08 [0.07-0.09],27.17 [17.63-40.97],69.17,19.94,5.89,178 [134-239],16.87 [10.9-26.39]
Cameroon,20630132,3.25,9.4,212 [137-303],88.46 [78.99-98.77],39.05,,6.17,38.86,21.8,,51.78,1.04 [0.92-1.19],57.35 [52.08-63.1],59.11,254.5,,554 [404-796],28.62 [24.54-33.31]
Canada,0,0.31,20.0,5.2 [4.5-6],5.28 [5.19-5.38],98.77,9.4,8.88,99.36,10.0,,71.15,No data,4.61 [4.52-4.69],81.76,,98.19,11 [8-14],3.52 [3.42-3.62]
Central African Republic,4096089,3.46,,540 [349-771],126.7 [84.35-192.2],33.75,,2.43,25.18,23.7,0.72,44.16,1.5 [1-2.15],89.73 [65.14-121.5],50.53,379.9,2.06,912 [523-1580],42.9 [26.68-69.07]
Chad,6328205,3.67,12.2,144 [93-206],129.4 [109-152.1],29.77,,1.45,8.84,24.1,0.49,50.53,0.45 [0.31-0.59],76.06 [66.94-85.98],57.91,167.3,2.53,1160 [880-1570],35.58 [28.1-44.33]
Chile,40,0.21,45.9,16 [14-19],7.89 [7.62-8.18],98.16,40.6,9.26,99.63,12.5,21.47,69.44,0.27 [0.22-0.32],6.75 [6.51-6.99],79.82,,109.8,14 [13-16],5.1 [4.86-5.34]
China,26100630,1.38,25.3,65 [55-75],10.71 [10.07-11.4],84.21,9.2,7.15,81.68,17.4,17.73,68.01,No data,9.19 [8.64-9.8],76.64,0.0001,22.91,30 [24-36],5.38 [4.88-5.9]
Colombia,3846506,0.36,8.9,31 [24-39],15.62 [12.39-19.58],84.64,64.9,5.78,87.55,15.9,19.74,68.29,0.26 [0.18-0.36],13.44 [10.66-16.75],78.35,6.94,11.65,85 [74-98],8.51 [6.61-10.9]
Comoros,525978,2.43,21.8,35 [22-49],71.88 [39.12-138.7],76.91,,0.88,35.82,23.0,,58.19,<0.01 [<0.01–0.02],54.08 [31.8-96.49],66.45,1.67,,285 [178-447],32.64 [13.25-70.8]
Congo,1346327,1.3,15.0,379 [246-542],54.16 [37.72-77.58],41.39,,7.9,18.94,17.0,,54.9,1.56 [1.03-2.34],38.53 [28.71-51.82],63.11,226.7,7.93,416 [306-560],20.87 [14.09-30.94]
Cook Islands,765,,28.8,0 [0-0],8.73 [5.9-13.06],99.88,67.0,,97.63,,,,,7.47 [5.04-11.24],,,68.18,,4.75 [2.67-7.9]
Costa Rica,18569,0.29,10.8,11 [8.4-14],9.04 [8.79-9.3],98.8,55.9,4.76,97.27,11.6,13.79,70.04,0.18 [0.13-0.24],7.65 [7.44-7.87],80.78,0.0,26.58,28 [25-32],6.21 [5.95-6.49]
Côte d’Ivoire,18738388,4.01,13.8,159 [103-227],,57.58,123.3,2.61,30.57,29.3,,52.52,0.86 [0.67-1.08],,60.2,320.0,4.69,658 [464-930],
Croatia,11,0.19,36.3,13 [11-15],4.93 [4.72-5.16],99.57,9.6,9.07,96.49,17.2,31.73,67.9,0.02 [0.01-0.03],4.2 [4.01-4.39],77.58,,61.92,8 [6-11],3.12 [2.91-3.34]
Cuba,43862,0.32,29.4,7.1 [6.1-8.2],5.58 [5.04-6.2],89.67,52.5,5.67,92.43,16.6,77.69,68.05,0.2 [0.11-0.31],4.2 [3.79-4.67],77.91,,,38 [35-41],2.35 [2.1-2.63]
Cyprus,3,0.1,37.5,6.2 [5.3-7.2],2.75 [2.4-3.14],99.55,4.9,10.76,99.26,11.5,26.24,71.63,No data,2.22 [1.94-2.54],82.01,,40.35,7 [4-11],1.58 [1.31-1.9]
Czechia,3,0.3,32.1,5.5 [4.7-6.4],3.15 [3.02-3.28],99.82,11.6,14.25,99.14,15.5,39.52,68.29,No data,2.52 [2.42-2.63],78.46,,83.71,4 [2-5],1.59 [1.48-1.7]
Democratic People's Republic of Korea,6082191,1.94,19.2,513 [446-584],21.1 [16.51-27],91.62,,3.82,81.67,25.8,,64.3,No data,16 [12.5-20.43],71.76,0.75,,91 [40-204],11.58 [6.96-17.17]
Democratic Republic of the Congo,52564709,3.26,,324 [210-463],97.23 [70.76-128.9],22.34,,2.05,20.44,19.4,,52.43,0.32 [0.23-0.42],73.81 [56.97-91.5],60.44,308.8,9.48,490 [360-690],29.63 [20.35-41.18]
Denmark,0,0.16,20.8,6.5 [5.5-7.5],4.09 [3.9-4.29],100.0,2.3,10.36,99.6,11.7,39.26,70.53,No data,3.49 [3.33-3.67],80.59,,102.4,4 [3-5],3.27 [2.9-3.61]
Djibouti,108810,2.34,,367 [281-465],65.32 [44.01-94.41],47.96,,0.49,61.09,19.5,,57.0,0.22 [0.12-0.44],54.25 [37.9-75.3],64.64,13.82,,247 [120-518],33.45 [21.9-50.18]
Dominica,7546,,,11 [9.7-13],30.88 [27.86-34.96],96.5,,11.32,77.89,,,,,27.27 [24.39-30.6],,,66.99,,24.61 [21.62-27.92]
Dominican Republic,989731,0.38,10.5,55 [42-69],31.29 [24.36-40.51],89.36,,6.61,83.18,19.1,,63.21,0.29 [0.2-0.39],26 [20.62-32.79],71.75,0.14,14.55,94 [89-100],21.41 [16.32-28.08]
Ecuador,1943932,0.65,,39 [30-50],15.1 [14.32-15.91],81.88,,4.98,86.1,13.4,20.65,67.49,0.17 [0.11-0.32],12.99 [12.32-13.68],77.18,1.31,25.12,63 [58-69],7.89 [7.33-8.52]
Egypt,1640557,0.22,21.3,15 [13-16],23.4 [18.78-29.48],98.57,,0.4,93.97,28.2,8.22,62.0,0.03 [0.02-0.04],19.86 [16.08-24.62],70.49,0.0,19.41,39 [30-48],12.85 [10.12-16.42]
El Salvador,702992,0.23,13.6,48 [37-61],15.3 [11.03-21.3],89.25,,3.59,87.01,14.1,,63.46,0.18 [0.15-0.24],13.16 [9.48-18.16],73.25,0.002,17.58,48 [39-58],7.6 [5.29-11.03]
Equatorial Guinea,466357,2.01,,172 [150-194],93.99 [63.44-134.6],30.78,,9.08,66.18,22.0,,52.9,4.16 [2.64-6.22],68.14 [48.64-93.86],61.13,339.5,,296 [181-488],31.59 [18.56-49.56]
Eritrea,1441264,4.39,7.9,102 [47-178],46.31 [32.51-66.05],27.8,,1.42,11.84,24.2,,54.1,0.14 [0.08-0.24],33.99 [25.33-45.29],62.29,19.2,11.85,518 [363-752],19.4 [13.09-28.76]
Estonia,12,0.49,32.1,18 [15-21],3.15 [2.89-3.43],99.19,12.5,12.39,99.13,16.9,34.15,68.26,No data,2.46 [2.26-2.68],77.6,,63.52,10 [7-15],1.42 [1.24-1.6]
Eswatini,331005,3.35,10.8,648 [408-943],59.23 [44.58-77.94],59.37,,9.84,57.87,26.6,,46.91,11.31 [10.05-12.49],45.85 [35.66-58.22],54.05,0.51,36.01,435 [260-758],19.64 [13.75-27.41]
Ethiopia,75106161,2.97,4.9,192 [142-250],62.23 [55.23-70.2],29.11,,2.19,6.86,18.4,,58.32,0.21 [0.11-0.37],43.14 [39.14-47.61],66.82,52.77,,446 [339-607],31.76 [27.71-36.53]
Fiji,898821,0.45,27.4,52 [40-66],24.31 [22.96-25.7],88.84,,3.33,94.54,30.8,8.6,59.58,0.11 [0.06-0.25],20.58 [19.51-21.68],67.83,,30.18,35 [29-43],9.93 [8.69-11.24]
Finland,2,0.23,20.9,5.6 [4.8-6.5],2.49 [2.35-2.63],100.0,6.2,11.18,99.45,10.5,33.31,70.73,No data,2.03 [1.92-2.15],81.21,,8.7,3 [2-4],1.4 [1.3-1.5]
France,222,0.47,34.5,8.4 [7.4-9.5],4.12 [4.03-4.21],100.0,5.6,12.64,98.65,10.8,32.24,71.7,0.1 [0.08-0.12],3.47 [3.39-3.54],81.91,,106.0,8 [7-10],2.41 [2.32-2.49]
Gabon,1560166,0.97,,537 [348-767],49.83 [35.3-68.94],55.05,,9.57,47.32,14.8,,56.29,1.15 [0.66-1.73],35.78 [26.84-46.51],64.93,284.4,,261 [176-408],22.21 [15.19-31.74]
Gambia,171850,1.96,15.3,173 [128-223],60.04 [52.36-68.44],63.37,,3.67,39.01,20.6,1.02,55.83,1.1 [0.77-1.52],39.8 [36.2-43.55],64.14,195.0,15.45,625 [471-821],29.89 [25.09-35.55]
Georgia,65,0.81,30.4,99 [80-120],10.52 [9.84-11.22],95.26,48.6,9.61,90.49,24.9,50.06,64.2,No data,9.36 [8.76-9.99],72.58,0.0,40.17,27 [24-31],6.69 [6.15-7.26]
Germany,867,0.14,28.9,7.3 [6.9-7.7],3.93 [3.85-4],100.0,7.8,13.06,99.22,12.5,41.34,70.07,No data,3.3 [3.24-3.36],80.42,,129.1,5 [4-6],2.3 [2.23-2.37]
Ghana,15536903,1.65,4.0,160 [77-273],54.56 [48.55-61.02],66.04,76.0,3.12,17.15,20.9,,56.49,0.8 [0.49-1.23],38.75 [35.28-42.46],64.55,277.2,20.02,320 [237-429],25.84 [22.67-29.44]
Greece,81,0.24,40.6,4.7 [4-5.5],4.4 [4.22-4.61],100.0,8.4,10.49,98.98,12.3,52.53,70.43,No data,3.88 [3.71-4.06],80.38,,35.01,3 [2-4],2.66 [2.51-2.81]
Grenada,25,0.34,,5.2 [4.5-6.1],16.21 [14.48-18.11],95.63,,9.07,91.49,21.7,,63.85,,14.25 [12.72-15.92],72.7,,,25 [16-38],10.66 [9.34-12.12]
Guatemala,3321447,1.17,,26 [20-32],28.28 [24.2-33.08],88.97,81.2,2.55,64.98,14.9,,61.48,0.09 [0.06-0.13],23.68 [20.5-27.35],70.95,0.65,0.54,103 [97-109],14.02 [11.65-16.82]
Guinea,7973039,3.08,,177 [114-252],107.9 [95.42-122.5],49.72,132.6,1.07,21.06,22.6,0.86,51.51,0.57 [0.44-0.73],68.72 [61.74-76.87],58.81,356.6,4.17,699 [539-915],31.9 [26.73-38.16]
Guinea-Bissau,1731541,2.2,,361 [234-516],90.68 [64.32-123.1],52.76,,5.05,19.82,19.8,2.04,50.92,1.51 [1.25-1.77],59.23 [44.32-77.47],58.23,79.77,5.55,694 [484-1000],38.45 [26.48-53.94]
Guyana,747901,0.72,13.8,93 [71-118],33.1 [23.09-47.77],100.0,,7.35,85.35,30.6,,57.17,0.51 [0.41-0.64],27.37 [19.62-37.93],65.59,23.49,6.97,172 [138-214],20.5 [13.88-30.25]
Haiti,9831829,2.69,8.8,194 [154-238],70.51 [59.7-84.95],42.42,54.8,2.69,32.5,26.7,0.85,54.59,0.69 [0.55-0.85],53.21 [46.13-62.39],62.61,3.44,2.82,488 [359-671],27.13 [21.54-34.49]
Honduras,2399777,0.39,,40 [31-50],19.27 [14.71-25.09],87.31,,3.49,79.22,14.0,,61.33,0.13 [0.09-0.17],16.49 [12.66-21.2],69.82,0.59,6.7,67 [60-74],10.52 [7.76-14.3]
Hungary,14,0.29,31.9,10 [8.6-12],5.12 [4.91-5.34],100.0,22.8,11.6,98.0,23.3,31.18,66.6,No data,4.27 [4.1-4.45],75.57,,66.85,12 [9-16],2.73 [2.58-2.89]
Iceland,0,0.21,15.7,2.4 [2.1-2.8],2.23 [1.89-2.63],100.0,8.0,8.74,98.78,9.3,37.83,71.9,No data,1.76 [1.49-2.08],82.14,,163.1,4 [2-6],1.13 [0.93-1.39]
India,668000000,2.45,29.6,217 [137-315],43.52 [41.06-46.04],88.9,11.1,5.54,54.35,23.5,,59.14,No data,34.94 [33.19-36.73],69.31,9.67,14.51,158 [131-189],25.87 [24.14-27.68]
Indonesia,111000000,0.41,38.2,325 [297-355],27.77 [24.81-31.28],80.16,,0.6,69.38,26.5,2.74,62.33,No data,23.29 [20.97-25.99],70.61,5.38,12.99,192 [142-264],14.53 [12.79-16.52]
Iran (Islamic Republic of),18692,1.2,15.1,16 [12-21],16.06 [11.45-22.52],89.01,,1.01,88.29,15.1,11.53,65.66,0.06 [0.02-0.14],13.81 [9.84-19.16],76.66,0.21,18.91,17 [14-20],9.96 [6.48-15.1]
Iraq,2107072,0.52,22.9,43 [38-49],29.52 [24.68-35.25],86.56,,0.37,90.74,21.6,,60.8,,24.65 [20.87-28.98],70.29,0.0,16.5,83 [58-116],17.44 [14.43-21.12]
Ireland,5,0.21,25.3,7.3 [6.2-8.4],3.71 [3.54-3.89],96.99,8.6,12.47,91.05,10.5,31.5,70.66,No data,3.18 [3.04-3.34],81.14,,163.7,6 [4-8],2.4 [2.26-2.55]
Israel,231,0.16,26.2,4 [3.5-4.7],3.92 [3.81-4.04],100.0,,3.86,100.0,9.7,34.62,71.84,No data,3.16 [3.07-3.25],81.93,,54.47,3 [3-4],2.09 [1.99-2.19]
Italy,234,0.27,23.8,6.6 [5.6-7.6],3.46 [3.4-3.53],99.38,5.1,7.59,98.77,9.8,38.48,71.56,0.06 [0.02-0.13],2.95 [2.9-3.01],82.21,,57.15,2 [1-2],2.13 [2.06-2.2]
Jamaica,343044,0.21,12.0,4.5 [3.4-5.6],15.62 [10.33-24.25],84.4,54.7,4.19,86.95,14.8,4.15,66.59,0.62 [0.44-1.02],13.43 [8.86-20.53],75.85,,14.51,78 [68-92],11.22 [6.97-18.04]
Japan,11,0.41,23.4,16 [14-19],2.75 [2.7-2.8],98.93,4.1,7.87,99.91,8.6,,73.62,No data,2.01 [1.97-2.05],83.62,,,5 [3-7],0.92 [0.88-0.96]
Jordan,70,0.63,,5.7 [4.4-7.2],17.61 [14.42-21.56],97.78,,0.69,97.53,19.4,28.08,67.59,No data,15.12 [12.41-18.37],77.82,,2.08,48 [34-66],10.36 [8.26-13.13]
Kazakhstan,25,2.56,25.7,81 [52-115],11.82 [11.55-12.09],89.76,31.0,4.66,97.74,28.6,,63.35,0.17 [0.16-0.2],10.54 [10.3-10.78],71.91,0.0,72.94,12 [10-13],5.55 [5.18-5.92]
Kenya,13642040,1.82,12.7,380 [233-564],49.59 [41.62-59.76],48.18,,2.77,29.55,13.3,,56.08,1.31 [0.85-2.05],35.32 [30.6-41.03],64.17,72.17,8.65,353 [268-473],22.71 [18.3-28.25]
Kiribati,33294,2.59,54.2,559 [428-707],57.4 [38.11-85.32],69.08,,0.52,45.36,28.5,,51.62,,44.58 [31.06-62.63],58.2,,,97 [53-162],23.83 [13.04-38.91]
Kuwait,0,0.19,22.6,22 [19-26],8.71 [8.43-8.98],100.0,6.1,0.003,100.0,17.6,26.46,70.23,No data,7.46 [7.22-7.69],81.13,,71.51,11 [8-16],4.91 [4.64-5.21]
Kyrgyzstan,111901,0.69,28.4,136 [116-157],22.33 [21.67-23.06],81.39,39.7,7.59,96.54,26.2,,63.74,0.16 [0.16-0.16],19.89 [19.31-20.53],71.59,0.0,,66 [56-81],14.69 [13.11-16.26]
Lao People's Democratic Republic,2183066,0.92,40.9,182 [118-260],53.61 [43.72-64.73],71.11,94.4,10.05,69.39,27.1,,59.29,0.14 [0.12-0.15],41.99 [35.08-49.47],67.08,22.3,10.5,209 [161-277],24.44 [19.39-30.02]
Latvia,14,0.85,37.3,40 [34-46],4.97 [4.58-5.38],97.88,18.1,12.64,91.42,22.2,31.66,65.76,0.18 [0.11-0.26],4.22 [3.88-4.57],74.8,,48.36,23 [18-30],2.59 [2.32-2.88]
Lebanon,6,0.3,42.6,12 [9.9-13],8.28 [4.59-14.36],92.26,,1.65,95.36,17.9,21.03,65.67,0.03 [0.02-0.06],7.08 [3.92-12.36],75.98,,15.42,29 [22-38],4.81 [2.29-8.94]
Lesotho,523534,3.16,28.0,780 [484-1140],94.06 [74.92-118.4],59.79,,4.8,39.06,26.6,,41.64,8.13 [7-9.3],71.88 [58.69-88.12],47.67,,,574 [420-799],43.39 [33.7-55.83]
Liberia,3812536,1.81,9.1,308 [199-440],90.96 [78.6-104.9],60.81,150.3,5.7,16.69,17.2,0.38,52.47,0.64 [0.47-0.9],66.12 [58.26-74.99],61.17,347.0,1.01,691 [518-949],33.03 [27.72-39.37]
Libya,1640,0.51,,40 [26-57],13.32 [9.63-18.37],97.64,,0.029,99.86,19.7,18.94,64.35,0.1 [0.07-0.13],11.41 [8.24-15.74],74.6,,,70 [31-158],7.49 [4.89-11.2]
Lithuania,42,0.77,28.5,55 [47-63],4.94 [4.6-5.3],90.72,14.1,15.38,92.27,22.2,42.99,65.28,0.09 [0.08-0.11],4.02 [3.74-4.32],74.38,,79.03,9 [6-13],2.33 [2.07-2.6]
Luxembourg,0,0.1,22.9,6.1 [5.2-7],2.9 [2.48-3.37],100.0,5.6,13.18,97.61,9.6,29.22,71.53,No data,2.37 [2.03-2.75],82.31,,123.3,5 [3-8],1.53 [1.27-1.84]
Madagascar,21298533,3.33,30.7,233 [151-333],57.87 [49.37-67.46],34.78,,1.88,9.74,23.1,,56.3,0.19 [0.15-0.23],40.66 [35.76-46.07],64.19,97.32,,363 [256-510],21.81 [18.24-25.95]
Malawi,11426323,2.08,14.3,197 [106-316],53.76 [43.6-64.98],63.31,137.6,3.62,25.58,16.3,,54.89,2.77 [2.5-3.05],37.31 [31.49-43.49],63.04,217.0,,370 [269-517],22.82 [18.16-28.4]
Malaysia,174457,0.49,22.8,90 [77-103],8.05 [7.9-8.21],89.93,11.8,0.85,99.56,17.3,15.36,65.78,0.17 [0.15-0.19],6.89 [6.76-7.03],74.95,0.2,33.6,30 [25-35],4.2 [3.85-4.55]
Maldives,1892,0.046,,42 [32-53],10.15 [9.48-10.85],98.25,10.1,2.07,99.05,13.9,28.86,69.11,No data,8.7 [8.12-9.31],78.41,,65.73,54 [37-83],5.87 [5.23-6.56]
Mali,18291866,3.34,12.1,57 [37-81],108.6 [94.85-123.8],64.59,,1.25,36.18,24.8,,52.98,No data,66.95 [60.59-73.83],60.89,391.8,,620 [472-833],34.76 [29.29-41.01]
Malta,1,0.12,26.4,8.5 [7.3-9.8],7.01 [6.21-7.92],100.0,11.3,7.56,99.96,10.8,28.6,71.32,No data,6.11 [5.41-6.89],81.65,,83.7,7 [4-11],4.7 [4.12-5.36]
Marshall Islands,28996,,,300 [230-380],35.68 [25.27-49.64],83.36,,,82.97,,,,,29.29 [21.34-39.25],,,,,16.61 [10.55-25.23]
Mauritania,690268,1.93,,107 [69-152],82.71 [48.1-142.5],46.69,,0.033,43.5,18.0,1.71,58.95,No data,55.03 [36.76-82.54],67.41,61.61,10.22,785 [560-1120],34.83 [18.91-63.04]
Mauritius,0,0.11,28.0,13 [9.7-16],14.49 [13.53-15.53],99.83,23.8,3.94,95.51,22.8,20.25,64.03,0.49 [0.36-0.65],12.75 [11.9-13.66],74.14,,33.83,73 [57-97],9.06 [8.35-9.82]
Mexico,9923501,0.45,15.2,22 [17-28],16.2 [15.39-17.17],94.26,65.4,4.92,89.42,15.9,23.25,65.76,No data,13.93 [13.24-14.76],75.87,0.2,24.17,36 [35-37],8.3 [7.75-8.91]
Micronesia (Federated States of),72590,1.01,,119 [91-151],33.66 [15.07-74.89],78.57,,2.44,88.31,26.5,,55.8,,27.79 [12.97-55.99],62.74,,,95 [44-204],17.3 [6.89-42.08]
Monaco,0,,,0 [0-0],3.52 [2.8-4.43],100.0,,,100.0,,,,,2.87 [2.28-3.61],,,,,1.95 [1.17-2.82]
Mongolia,43,1.61,29.0,428 [220-703],20.23 [19.81-20.66],52.86,,10.97,57.98,30.4,32.19,59.85,0.02 [0.01-0.02],17.28 [16.94-17.64],67.61,,37.88,47 [39-56],9.6 [9.03-10.19]
Montenegro,5,0.52,,15 [13-17],3.56 [3.18-4],95.91,11.2,10.92,97.73,20.9,23.76,66.64,0.05 [0.01-0.1],3.13 [2.8-3.52],75.27,,53.46,6 [3-10],2.1 [1.78-2.43]
Morocco,2917,0.58,15.9,102 [87-117],25.27 [20.78-30.6],67.69,,0.7,87.54,12.5,,63.29,0.03 [0.02-0.04],21.69 [17.82-26.3],72.46,0.0,,74 [58-92],16.13 [13.08-19.75]
Mozambique,23150013,3.03,16.0,361 [223-532],85.43 [68.29-108.4],35.54,,2.19,26.87,18.4,0.41,48.6,5.78 [3.58-9.17],61.55 [50.87-75.68],55.95,355.9,6.38,318 [234-441],30.89 [24.19-40.02]
Myanmar,41292086,1.42,47.8,391 [248-567],51.77 [40.33-64.08],74.82,28.0,4.41,65.09,24.3,,59.56,0.26 [0.23-0.28],40.72 [32.66-49.05],67.58,8.69,,246 [186-332],24.76 [18.53-32.16]
Namibia,1073269,1.64,18.6,639 [457-850],47.84 [32.29-74.69],68.89,,5.23,33.9,21.6,,54.57,4 [3.32-4.65],33.34 [23.81-47.81],62.87,10.88,18.86,217 [162-301],20.25 [13.14-32.59]
Nauru,2822,,54.7,111 [95-128],34.87 [21.57-55.26],99.48,94.0,3.71,65.6,,13.46,,,28.7 [18.39-43.12],,,67.31,,22.02 [12.56-37.15]
Nepal,18850311,0.48,35.7,268 [166-394],36.22 [30.84-42.53],87.48,88.2,2.05,55.74,22.2,,60.17,0.04 [0.04-0.05],29.68 [25.65-34.24],69.43,0.57,,236 [177-325],22.43 [18.86-26.52]
Netherlands,64,0.1,24.7,5.8 [4.9-6.7],4.05 [3.94-4.15],100.0,3.2,9.55,97.74,11.3,34.92,71.12,0.04 [0.03-0.04],3.44 [3.35-3.53],81.28,,107.5,6 [4-7],2.63 [2.53-2.73]
New Zealand,3,0.19,16.6,7.3 [6.2-8.4],5.45 [5.2-5.71],100.0,18.5,10.44,100.0,10.4,32.96,69.89,0.03 [0.02-0.07],4.53 [4.32-4.74],81.31,,119.9,10 [8-11],3.13 [2.93-3.34]
Nicaragua,933780,0.57,,50 [38-63],19.43 [17.8-21.46],59.5,,5.03,73.39,14.4,9.31,65.16,0.08 [0.05-0.11],16.62 [15.28-18.29],74.62,1.06,13.67,101 [80-129],11.94 [10.84-13.26]
Niger,15779050,4.21,8.4,95 [62-136],94.02 [68.99-126.3],41.6,146.0,0.55,12.75,20.2,0.47,54.14,0.07 [0.06-0.1],51.87 [42.22-63.42],61.54,369.8,2.04,555 [409-767],26.53 [18.58-37.03]
Nigeria,141000000,2.98,5.1,219 [143-311],126.8 [109.3-148],53.11,120.0,10.81,37.68,22.5,,53.13,0.57 [0.34-0.97],79.52 [69.71-91.13],61.16,296.1,,931 [687-1290],37.14 [31.21-44.17]
Niue,0,,,0 [0-0],26.39 [11.81-60.09],98.2,,10.28,96.77,,,,,22.22 [10.16-46.39],,,,,14.18 [5.85-34.34]
Norway,100,0.18,21.2,6.3 [5.4-7.3],2.72 [2.58-2.87],100.0,4.6,7.52,98.06,9.3,26.47,71.23,No data,2.21 [2.09-2.33],82.01,,178.6,3 [2-3],1.59 [1.49-1.71]
Oman,5,0.47,9.6,8.8 [7.6-10],11.21 [10.92-11.52],77.9,14.5,0.77,100.0,18.1,20.89,63.75,0.04 [0.03-0.06],9.64 [9.38-9.91],72.52,0.0,45.3,19 [16-21],5.18 [3.69-6.64]
Pakistan,31056287,2.35,22.3,270 [180-378],76.05 [69.42-83.37],88.84,47.0,0.29,56.64,24.8,9.26,55.78,0.1 [0.09-0.11],62.12 [57.26-67.43],64.18,5.06,4.75,154 [96-247],45.22 [40.69-50.19]
Palau,15,,25.1,91 [78-105],19.72 [11.34-34.34],100.0,27.0,,100.0,,,,,17.86 [10.27-31.1],,,,,10.65 [5.35-20.39]
Panama,437597,0.39,7.9,52 [40-66],16.93 [10.46-27.4],90.52,84.3,7.71,81.14,13.2,,68.28,No data,14.55 [8.98-23.01],78.72,0.15,27.62,58 [52-64],9.8 [5.26-17.03]
Papua New Guinea,6425746,1.78,,432 [352-521],50.51 [40.18-63.21],33.38,,1.39,14.13,29.9,,56.42,0.39 [0.34-0.44],39.85 [32.56-48.48],64.49,131.5,,151 [70-324],23.71 [18.34-30.39]
Paraguay,795686,0.36,14.6,40 [35-47],22.21 [12.98-39.14],94.27,72.0,7.26,87.67,17.7,,65.63,0.18 [0.12-0.29],18.92 [11.17-31.81],75.56,0.0,6.67,88 [77-101],12.41 [6.99-22.57]
Peru,2831613,0.92,11.7,122 [94-155],15.67 [13.88-17.72],72.73,60.0,6.63,73.34,12.8,,68.85,0.13 [0.1-0.17],12.17 [10.77-13.76],79.08,7.85,20.66,94 [75-114],7.57 [6.55-8.77]
Philippines,43430927,0.25,25.8,550 [307-862],29.83 [25.18-35.2],88.68,,6.7,74.26,26.9,,61.91,0.1 [0.08-0.12],23.48 [20.05-27.09],70.3,0.47,,127 [99-170],14.42 [11.97-17.27]
Poland,59,0.26,28.1,19 [16-22],4.85 [4.74-4.95],98.15,12.3,11.63,97.69,19.3,23.25,68.03,No data,4.17 [4.07-4.26],77.29,,57.8,2 [2-3],2.9 [2.81-3]
Portugal,20,0.26,27.3,23 [20-27],3.62 [3.47-3.78],100.0,8.3,11.88,99.44,11.2,47.49,70.49,No data,2.96 [2.84-3.09],80.89,,65.32,9 [7-11],2.1 [1.97-2.24]
Qatar,26,0.43,14.2,24 [20-27],7.83 [7.45-8.22],99.69,,1.62,100.0,15.4,,66.44,No data,6.7 [6.37-7.04],76.41,,,9 [6-14],3.97 [3.6-4.31]
Republic of Korea,257,0.53,23.8,79 [74-85],3.51 [3.44-3.58],99.56,1.4,10.04,100.0,8.3,22.49,72.03,No data,3 [2.94-3.06],82.2,0.18,59.84,12 [10-13],1.63 [1.49-1.76]
Republic of Moldova,0,1.22,25.0,102 [87-118],15.61 [12.64-19.6],82.08,,11.87,75.35,27.5,24.84,62.86,0.28 [0.21-0.38],13.43 [10.88-16.77],71.13,,50.04,22 [18-27],11.61 [9.18-14.77]
The former Yugoslav Republic of Macedonia,4,0.36,,17 [13-21],12.97 [11.8-14.41],90.58,16.2,5.93,98.14,20.7,28.74,65.33,No data,11.38 [10.35-12.64],73.73,,37.92,8 [5-11],9.59 [8.59-10.79]
Romania,26,0.4,27.5,82 [70-95],9.13 [8.88-9.38],100.0,35.3,11.64,82.81,21.5,,66.28,0.04 [0.03-0.05],7.64 [7.43-7.84],74.82,,,21 [16-27],4.29 [3.57-5]
Russian Federation,6,1.78,29.0,67 [43-95],8.23 [8.07-8.4],91.65,24.0,12.47,89.64,25.9,37.49,62.67,No data,7.05 [6.91-7.19],71.3,,89.66,18 [14-24],3.87 [3.29-4.44]
Rwanda,5065110,2.51,14.2,61 [47-77],41.49 [28.17-61.19],51.22,,9.26,64.24,18.3,1.13,58.87,0.58 [0.44-0.71],30.88 [22.1-42.27],67.69,342.0,9.88,275 [208-372],17.86 [11.94-26.69]
Saint Kitts and Nevis,5,,,4.1 [3.5-4.7],16.9 [13.72-20.85],,,8.88,,,26.76,,,14.13 [11.47-17.43],,,42.19,,11.3 [8.92-14.17]
Saint Lucia,33729,0.18,,9 [7.7-10],20.95 [19.18-22.98],97.82,,9.97,88.37,19.0,,65.25,,18.6 [17.03-20.41],75.01,,,115 [72-185],12.61 [11.22-14.15]
Saint Vincent and the Grenadines,13,0.17,,7.4 [6.3-8.5],16.76 [14.76-18.99],95.15,57.0,8.46,87.18,22.3,,63.51,,15.22 [13.41-17.25],72.47,,95.05,64 [42-92],10.58 [9.1-12.2]
Samoa,61325,0.5,30.5,11 [9.7-13],16.87 [13.12-21.44],96.25,,2.59,98.07,20.9,,61.9,,14.5 [11.29-18.28],70.04,,,45 [21-100],9.28 [5.56-13.62]
San Marino,0,,,0 [0-0],1.99 [1.14-3.53],100.0,,,100.0,,,,,1.77 [1.01-3.13],,,,,0.93 [0.37-1.83]
Sao Tome and Principe,199686,0.89,5.5,156 [62-293],34.69 [23.98-50.24],75.72,,7.19,41.36,18.6,3.16,60.95,,26.75 [19.14-36.26],69.6,10.32,22.17,130 [75-213],15.69 [9.96-24.73]
Saudi Arabia,1496,0.66,16.6,12 [10-14],8.43 [7.02-10.47],99.69,,0.2,99.8,16.5,,63.2,No data,7.22 [6-8.99],73.15,0.033,,17 [10-29],4.69 [2.89-6.71]
Senegal,11849373,2.38,9.8,123 [88-165],52.78 [46.39-59.85],66.61,,0.73,50.09,18.4,2.07,58.17,0.11 [0.09-0.15],36.4 [33.25-39.72],67.2,69.8,1.92,346 [265-464],23.96 [20.78-27.57]
Serbia,0,0.35,41.3,21 [18-25],6.28 [6.01-6.57],84.09,16.4,8.7,97.64,20.1,24.6,66.44,0.02 [0.02-0.03],5.47 [5.22-5.72],75.21,,76.17,13 [10-17],3.95 [3.69-4.23]
Seychelles,0,0.59,21.7,9.7 [8.3-11],14.76 [12.6-17.3],96.25,58.3,18.35,100.0,21.3,,63.98,,12.7 [10.84-14.86],73.2,,,54 [27-109],8.98 [7.38-10.79]
Sierra Leone,7500446,4.15,21.8,307 [198-438],138.3 [122.6-155.6],46.9,139.4,5.63,14.94,30.0,,49.7,0.81 [0.66-0.96],94.17 [86.14-102.5],56.94,403.7,,1180 [877-1650],34.28 [28.92-40.18]
Singapore,10473,0.083,16.5,45 [38-51],2.72 [2.53-2.93],100.0,2.7,2.07,100.0,10.0,,73.2,0.04 [0.02-0.07],2.18 [2.03-2.34],82.81,,60.09,9 [6-13],1 [0.89-1.11]
Slovakia,7,0.37,32.0,6.5 [5.6-7.5],6.22 [6.04-6.41],100.0,24.3,11.53,97.93,17.7,34.44,67.64,No data,5.09 [4.95-5.25],77.01,,60.09,6 [4-8],3.06 [2.87-3.23]
Slovenia,10,0.32,23.1,7.2 [6.1-8.3],2.5 [2.32-2.71],99.4,4.5,12.74,99.11,13.1,28.15,70.04,No data,2.01 [1.86-2.18],80.47,,88.24,7 [5-9],1.37 [1.23-1.52]
Solomon Islands,534850,0.96,38.4,86 [66-109],22.3 [16.69-29.34],63.01,,1.55,31.84,24.4,,57.4,,18.99 [14.34-24.5],64.74,66.85,,112 [76-164],9.35 [6.49-13.03]
Somalia,5015936,4.75,,274 [177-391],132.7 [77.91-236.5],26.53,,0.013,35.7,21.9,,48.09,0.03 [0.02-0.04],82.77 [52.01-139.7],54.57,37.27,,855 [408-1620],39.56 [20.14-78.17]
South Africa,6696701,1.29,32.2,988 [688-1340],37.07 [34.93-39.48],78.97,71.1,9.61,73.89,26.6,7.81,54.11,5.94 [5.46-6.57],28.5 [27-30.18],62.57,0.21,12.69,125 [103-157],11.04 [9.52-12.61]
South Sudan,9706562,4.03,,227 [147-324],96.23 [51.5-157.4],36.4,,,9.6,19.6,,53.02,1.46 [1.05-1.91],62.37 [36.99-96.26],61.99,240.4,,1110 [781-1590],38.91 [18.26-72.94]
Spain,299,0.22,29.3,9.9 [8.5-11],3.3 [3.24-3.37],100.0,7.7,11.32,99.9,10.1,32.17,71.56,0.08 [0.06-0.1],2.74 [2.69-2.8],82.33,,52.61,4 [3-5],1.93 [1.85-2.02]
Sri Lanka,33253,0.42,23.5,65 [47-86],8.74 [8.32-9.2],86.36,21.0,4.1,94.43,17.6,8.62,66.55,0.01 [0.01-0.01],7.48 [7.12-7.88],76.27,0.0,19.61,36 [32-41],5.25 [4.9-5.61]
Sudan,26533962,4.08,,88 [53-131],65.91 [54.32-79.72],51.71,,0.52,35.07,26.0,4.07,58.89,0.09 [0.07-0.12],45.21 [38.62-53.03],67.94,35.88,8.25,320 [231-431],29.4 [23.59-36.9]
Suriname,56918,0.38,,32 [25-41],20.22 [14.87-27.6],87.35,61.1,5.81,83.83,21.8,10.46,63.18,0.54 [0.34-0.76],18.05 [13.28-24.43],72.6,0.98,20.87,122 [101-142],12.72 [9.02-17.99]
Sweden,185,0.41,32.0,9.2 [7.9-11],2.87 [2.76-2.99],100.0,4.4,9.13,99.3,9.3,42.86,71.43,No data,2.33 [2.24-2.43],81.75,,117.2,4 [3-6],1.59 [1.5-1.69]
Switzerland,0,0.099,25.7,7.4 [6.3-8.5],4.31 [4.15-4.47],100.0,2.6,11.58,99.89,8.7,41.9,71.75,0.05 [0.03-0.08],3.78 [3.64-3.93],82.61,,168.6,5 [4-7],2.99 [2.85-3.13]
Syrian Arab Republic,50998,0.37,,20 [15-26],23.18 [15.76-28.16],94.57,,0.28,91.56,21.8,,56.34,<0.01 [<0.01–<0.01],17.76 [12.16-21.37],64.4,0.0,,30 [20-46],10.48 [7.12-13.15]
Tajikistan,123178,1.21,,86 [66-109],37.75 [30.11-47.75],71.69,,3.11,96.13,25.4,,61.43,0.16 [0.14-0.21],32.86 [26.55-40.87],68.66,0.0,,18 [11-27],16.21 [12.13-21.16]
Thailand,145146,0.41,24.1,163 [100-242],10.8 [9.5-12.75],99.02,44.8,8.36,97.96,14.6,4.65,68.02,0.14 [0.13-0.15],9.27 [8.14-10.97],77.41,1.34,23.68,38 [34-42],6.34 [4.37-8.34]
Timor-Leste,1170044,0.44,40.8,498 [322-712],50.76 [34.49-73.94],65.32,41.9,2.01,51.32,19.9,6.95,60.34,0.11 [0.08-0.16],43.24 [30.19-60.58],68.87,0.12,14.82,160 [121-210],21.43 [12.82-34.02]
Togo,5586475,2.46,8.1,52 [37-69],,46.19,,2.37,15.3,23.5,0.49,54.21,0.79 [0.62-1.07],,61.92,364.3,3.02,398 [280-546],26.66 [22.2-31.81]
Tonga,36871,1.37,30.6,16 [14-18],,99.77,,0.68,93.45,23.5,,63.93,,,72.33,,,54 [26-118],7.5 [5.55-9.84]
Trinidad and Tobago,19323,0.25,,16 [14-19],,98.18,,6.88,93.4,21.5,26.5,65.19,0.11 [0.07-0.17],,74.61,,34.83,68 [52-89],13.08 [6.18-29.21]
Tunisia,6648,0.48,27.9,38 [29-48],,87.26,9.2,1.99,90.3,16.4,13.11,66.75,0.05 [0.03-0.08],,76.7,,26.7,46 [36-55],12.06 [11.5-12.62]
Turkey,2009,0.32,30.1,18 [16-21],,98.63,24.9,2.12,97.19,16.4,17.99,67.72,No data,,77.79,0.0,26.22,19 [16-21],6.34 [5.77-6.95]
Turkmenistan,49,0.8,,49 [38-62],,97.01,,5.3,97.85,30.6,,61.73,No data,,69.11,0.0,,8 [6-11],23.06 [18.07-29.16]
Tuvalu,10550,,50.8,207 [177-239],,98.78,,1.98,84.14,,,,,,,,,,18.33 [10.83-31.07]
Uganda,23239105,3.3,11.4,202 [120-304],,38.23,131.5,15.14,18.42,21.9,0.95,56.29,2.02 [1.74-2.5],,64.47,236.1,15.57,387 [293-520],22.31 [18.61-26.82]
Ukraine,0,2.65,27.3,91 [59-130],,91.33,,10.16,96.22,25.9,,63.79,0.3 [0.25-0.36],,72.2,,,21 [16-27],5.67 [4.2-6.87]
United Arab Emirates,0,0.26,18.7,0.78 [0.67-0.9],,96.77,,3.79,98.58,17.0,22.11,65.45,No data,,75.31,0.0,49.83,3 [2-5],4.2 [3.81-4.65]
United Kingdom of Great Britain and Northern Ireland,452,0.26,21.3,10 [9-11],,100.0,14.4,11.21,99.11,11.2,27.47,69.67,No data,,80.65,,82.94,8 [7-8],2.73 [2.65-2.8]
United Republic of Tanzania,33064128,2.79,14.5,306 [146-525],,39.14,,11.05,26.87,17.9,,56.74,1.91 [1.74-2.08],,65.36,121.7,,556 [434-732],22.1 [18.25-26.99]
United States of America,929,0.9,26.0,3.2 [2.8-3.8],,96.97,22.3,9.82,99.97,14.3,25.78,66.56,0.12 [0.1-0.15],,78.56,,,18 [16-19],3.9 [3.79-4]
Uruguay,19,0.4,24.0,30 [26-35],,92.64,55.6,6.99,96.2,17.1,,67.54,No data,,77.03,,,18 [16-21],5 [4.65-5.36]
Uzbekistan,399873,1.09,12.8,79 [57-105],,95.64,,2.59,100.0,24.8,,63.46,0.15 [0.14-0.16],,71.45,0.0,,30 [24-37],12.98 [9.39-16.65]
Vanuatu,266041,0.86,25.1,63 [52-74],,86.98,,2.14,38.13,23.7,,57.36,,,64.64,2.9,,76 [35-166],12.67 [7.46-20.11]
Venezuela (Bolivarian Republic of),280243,0.3,,30 [23-38],,95.83,,6.82,93.94,18.2,,65.1,0.2 [0.14-0.26],,74.66,10.57,,115 [92-151],14.45 [13.64-15.31]
Viet Nam,4468764,0.93,,199 [125-290],,90.73,,7.86,80.08,17.3,7.96,64.89,0.11 [0.09-0.12],,73.16,0.17,14.23,45 [33-62],11.37 [9.16-13.76]
Yemen,5840695,3.74,22.2,48 [42-54],,54.7,,0.055,58.5,30.7,,58.38,0.04 [0.02-0.07],,67.47,24.9,7.24,169 [105-264],26.65 [19.45-36.23]
Zambia,11830416,3.06,15.4,391 [253-558],,40.59,,6.89,25.98,18.0,,52.71,4.11 [3.45-5.04],,60.5,202.5,,232 [178-305],24.53 [21.29-28.42]
Zimbabwe,10346543,2.37,14.5,242 [179-314],,51.03,,4.92,37.57,19.4,1.82,51.17,3.91 [2.75-5.4],,58.48,97.65,13.83,480 [385-588],27.89 [23.72-32.63]
